X,Y,Fuel_Type_Code,Station_Name,Street_Address,Station_Phone,Groups_With_Access_Code,Access_Days_Time,Cards_Accepted,EV_Level2_EVSE_Num,EV_Network,EV_Network_Web,Date_Last_Confirmed,Updated_At,Open_Date,Facility_Type,EV_Pricing,OBJECTID,Latitude,Longitude,ID
1473440.0000603,583625.999935314,ELEC,Cochran Commons - Tesla Supercharger,2720 W Mallard Creek Church Rd,877-798-3752,Public,"24 hours daily; for Tesla use only",,,Tesla,http://www.teslamotors.com/supercharger,2021/10/11 00:00:00+00,2021/11/04 18:37:47+00,2015/03/01 00:00:00+00,,"$0.28 per kWh; $0.26 per minute above 60 kW and $0.13 per minute at or below 60 kW",1,35.34075,-80.76579,102270
1449280.00015205,543860.000071138,ELEC,CLT AIRPORT BUS. VALET 05,325 W 6th St,888-758-4389,Public,24 hours daily,,2,ChargePoint Network,http://www.chargepoint.com/,2021/12/04 00:00:00+00,2021/12/04 00:31:15+00,2018/09/15 00:00:00+00,,,2,35.2303,-80.8443,102938
1450320.00004056,542514.000138476,ELEC,Secure Parking - BAC Parking Deck,150 N College St,704-331-0055,Private,Employee use only,,2,Non-Networked,,2020/12/03 00:00:00+00,2021/11/12 18:47:04+00,2011/12/31 00:00:00+00,PAY_GARAGE,,3,35.226655,-80.840749,104202
1448840.0000478,485934.000109732,ELEC,SpringHill Suites Charlotte Ballantyne Area - Tesla Destination,12325 Johnston Rd,704-817-1500  877-798-3752,Public,"24 hours daily; for customer use only; see front desk for access",,4,Tesla Destination,https://www.tesla.com/destination-charging,2020/11/03 00:00:00+00,2021/03/11 23:22:17+00,2016/05/01 00:00:00+00,HOTEL,Free,4,35.071141,-80.842189,114667
1448010.00006738,481275.999911308,ELEC,Aloft Charlotte Ballantyne - Tesla Destination,13139 Ballantyne Corporate Pl,704-247-2222  877-798-3752,Public,"24 hours daily; for customer use only; see front desk for access",,3,Tesla Destination,https://www.tesla.com/destination-charging,2020/11/03 00:00:00+00,2021/03/11 23:22:17+00,2018/11/01 00:00:00+00,HOTEL,Free,5,35.058303,-80.844678,114668
1422839.99988255,510543.000104234,ELEC,Embassy Suites Charlotte Ayrsley - Tesla Destination,1917 Ayrsley Town Blvd,704-970-5400  877-798-3752,Public,"24 hours daily; for customer use only; see front desk for access",,3,Tesla Destination,https://www.tesla.com/destination-charging,2020/11/03 00:00:00+00,2021/03/11 23:22:17+00,2017/09/01 00:00:00+00,HOTEL,Free,6,35.13739,-80.930682,114669
1422689.99985448,510468.999924138,ELEC,Homewood Suites Charlotte Ayresly - Tesla Destination,1921 Ayrsley Town Blvd,704-970-5500  877-798-3752,Public,"24 hours daily; for customer use only; see front desk for access",,3,Tesla Destination,https://www.tesla.com/destination-charging,2020/11/03 00:00:00+00,2021/03/11 23:22:17+00,2017/09/01 00:00:00+00,HOTEL,Free,7,35.137179,-80.931169,114670
1450239.99987248,541108.999995723,ELEC,Hyatt Place Charlotte Downtown - Tesla Destination,222 S Caldwell St,704-227-0500  877-798-3752,Public,"24 hours daily; for customer use only; see front desk for access",,2,Tesla Destination,https://www.tesla.com/destination-charging,2020/11/03 00:00:00+00,2021/03/11 23:22:17+00,2017/09/01 00:00:00+00,HOTEL,Free,8,35.222792,-80.840924,114671
1427879.99997313,528921.000093564,ELEC,Renaissance Charlotte Suites Hotel - Tesla Destination,2800 Coliseum Centre Dr,704-357-1414  877-798-3752,Public,"24 hours daily; for customer use only; see front desk for access",,2,Tesla Destination,https://www.tesla.com/destination-charging,2020/11/03 00:00:00+00,2021/03/11 23:22:17+00,2017/09/01 00:00:00+00,HOTEL,Free,9,35.188146,-80.914997,114672
1420889.99984555,549005.999949723,ELEC,Wingate By Wyndham Charlotte Airport I-85/I-485 - Tesla Destination,4238 Business Center Dr,704-395-3600  877-798-3752,Public - Call ahead,"24 hours daily; for customer use only",,3,Tesla Destination,https://www.tesla.com/destination-charging,2020/11/03 00:00:00+00,2021/03/11 23:22:17+00,2017/09/01 00:00:00+00,HOTEL,Free,10,35.24295,-80.939688,114673
1450440.00012864,538799.00002256,ELEC,Le Meridien Charlotte Hotel - Tesla Destination,555 S McDowell St,704-362-9710  877-798-3752,Public,"24 hours daily; for customer use only; see valet for access",,2,Tesla Destination,https://www.tesla.com/destination-charging,2020/11/03 00:00:00+00,2021/03/11 23:22:17+00,2017/03/01 00:00:00+00,HOTEL,Free,11,35.216456,-80.840117,114674
1435520.00011306,518299.000012144,ELEC,Crowne Plaza Charlotte Executive Park - Tesla Destination,5700 Westpark Dr,704-527-9650  877-798-3752,Public,"24 hours daily; for customer use only; see front desk for access",,6,Tesla Destination,https://www.tesla.com/destination-charging,2020/11/03 00:00:00+00,2021/03/11 23:22:17+00,2018/11/01 00:00:00+00,HOTEL,Free,12,35.159369,-80.888739,114675
1447239.99996696,545107.999871731,ELEC,DoubleTree by Hilton Hotel Charlotte - Tesla Destination,895 W Trade St,704-347-0070  877-798-3752,Public,"24 hours daily; for customer use only; see front desk for access",,3,Tesla Destination,https://www.tesla.com/destination-charging,2020/11/03 00:00:00+00,2021/03/11 23:22:17+00,2018/11/01 00:00:00+00,HOTEL,Free,13,35.233623,-80.851227,114676
1450679.99997672,585562.999998316,ELEC,Residence Inn & Courtyard by Marriott Charlotte Nort - Tesla Destination,9110 Harris Corners Pkwy,704-719-9444  877-798-3752,Public,"24 hours daily; for customer use only",,2,Tesla Destination,https://www.tesla.com/destination-charging,2020/11/03 00:00:00+00,2021/03/11 23:22:17+00,2018/11/01 00:00:00+00,HOTEL,Free,14,35.344936,-80.842227,114677
1453029.99986988,513534.000027731,ELEC,WHOLE FOODS MKT CHARLOTTE 01,6610 Fairview Rd,888-758-4389,Public,24 hours daily,,1,ChargePoint Network,http://www.chargepoint.com/,2021/12/04 00:00:00+00,2021/12/04 00:31:15+00,2019/01/16 00:00:00+00,,,15,35.147177,-80.829899,117021
1437350.00006197,502554.000006139,ELEC,HENDRICK SBLVD SERVICE 2,8901 South Blvd,888-758-4389,Public,24 hours daily,,1,ChargePoint Network,http://www.chargepoint.com/,2021/12/04 00:00:00+00,2021/12/04 00:31:15+00,2019/01/25 00:00:00+00,,,16,35.116208,-80.881641,117333
1410509.9999363,520744.000043392,ELEC,MJM GROUP STATION 1,5110 Trojan Dr,888-758-4389,Public,24 hours daily,,2,ChargePoint Network,http://www.chargepoint.com/,2021/12/04 00:00:00+00,2021/12/04 00:31:15+00,2019/02/09 00:00:00+00,,,17,35.164749,-80.972577,117778
1469670.00005439,554775.999892637,ELEC,Capital Ford,5411 N Tryon St,844-242-1515,Public - Call ahead,Dealership business hours,,1,Non-Networked,,2021/01/14 00:00:00+00,2021/03/11 23:22:17+00,2019/03/01 00:00:00+00,CAR_DEALER,,18,35.261309,-80.776713,118968
1450320.00004056,543475.999854892,ELEC,"CHARLOTTE, NC DISCOVERY 0001",301 N Tryon St,888-758-4389,Public,24 hours daily,,1,ChargePoint Network,http://www.chargepoint.com/,2021/12/04 00:00:00+00,2021/12/04 00:31:15+00,2019/03/27 00:00:00+00,,,19,35.229298,-80.840806,121009
1450679.99997672,585562.999998316,ELEC,Residence Inn & Courtyard - Charlotte North,9110 Harris Corners Pkwy,704-719-9444,Public,"24 hours daily; for guest use only",,2,Non-Networked,,2020/12/03 00:00:00+00,2021/03/11 23:22:17+00,2018/11/01 00:00:00+00,HOTEL,Free,20,35.344936,-80.842227,121301
1473549.9998403,565002.000109896,ELEC,Parks Chevrolet Charlotte,8530 Ikea Blvd,704-227-5851,Public - Call ahead,Dealership business hours,,2,Non-Networked,,2020/12/03 00:00:00+00,2021/03/11 23:22:17+00,2019/04/01 00:00:00+00,CAR_DEALER,,21,35.28959291649699,-80.76429418518069,121303
1479539.99999939,572240.000069559,ELEC,University of North Carolina Charlotte - CRI Deck 1,9100 Robert D. Snyder Rd,704-687-0161,Public,Garage business hours,,8,Non-Networked,,2020/12/03 00:00:00+00,2021/03/11 23:22:17+00,2016/01/01 00:00:00+00,COLLEGE_CAMPUS,,22,35.309767,-80.744669,121304
1481839.99999255,570238.000136554,ELEC,University of North Carolina Charlotte - South Village Parking Deck,8908 Cameron Blvd,704-687-0161,Public,Garage business hours,,8,Non-Networked,,2020/12/03 00:00:00+00,2021/03/11 23:22:17+00,2016/01/01 00:00:00+00,COLLEGE_CAMPUS,,23,35.30438,-80.736847,121305
1483450.00005339,569374.999894068,ELEC,University of North Carolina Charlotte - East Deck 3,9201 University City Blvd,704-687-0161,Public,Garage business hours,,4,Non-Networked,,2020/12/03 00:00:00+00,2021/03/11 23:22:17+00,2016/01/01 00:00:00+00,COLLEGE_CAMPUS,,24,35.302085,-80.731393,121306
1482980.00000913,514802.000116393,ELEC,Keffer Chrysler Jeep Dodge Ram,8214 E Independence Blvd,877-426-0070,Public - Call ahead,Dealership business hours,,1,Non-Networked,,2020/12/03 00:00:00+00,2021/03/11 23:22:17+00,2019/04/01 00:00:00+00,CAR_DEALER,,25,35.152137,-80.729776,121308
1462240.00015064,524507.000063315,ELEC,Publix #1518,4425 Randolph Rd,704-367-5208,Public,7am-10pm daily,,4,Non-Networked,,2021/02/15 00:00:00+00,2021/03/11 23:22:17+00,2019/04/01 00:00:00+00,GROCERY,,26,35.177786,-80.799739,121309
1471409.99985522,478276.000005811,ELEC,Whole Foods Market,7221 Waverly Walk Ave,980-213-2400,Public,7am-10pm daily,,4,Non-Networked,,2020/04/08 00:00:00+00,2021/03/11 23:22:17+00,2017/05/01 00:00:00+00,GROCERY,Free,27,35.05123,-80.766313,121313
1449190.00000396,542280.999948308,ELEC,237 S Tryon St Garage - Tesla Destination,237 S Tryon St,704-375-6014  877-798-3752,Public,24 hours daily,,6,Tesla Destination,https://www.tesla.com/destination-charging,2020/11/03 00:00:00+00,2021/03/11 23:22:17+00,2019/03/01 00:00:00+00,,Free,28,35.225958,-80.844521,122500
1483209.99987721,512878.000027388,ELEC,Verizon - Charlotte,2401 Sardis Rd N,,Private,For employee use only,,4,Non-Networked,,2021/03/15 00:00:00+00,2021/03/15 13:14:11+00,2019/05/01 00:00:00+00,OFFICE_BLDG,,29,35.146862,-80.728887,123325
1450679.99997672,543820.000151142,ELEC,Bank of America - Financial Center,201 N Tryon St,980-335-3561,Public,Business hours,,4,Non-Networked,,2021/05/06 00:00:00+00,2021/05/06 13:19:19+00,2019/05/01 00:00:00+00,BANK,,30,35.230261,-80.839631,123510
1442630.00000064,621656.999988645,ELEC,WHOLE FOODS MKT HUNTERSVILLE 2,9129 Sam Furr Rd,888-758-4389,Public,24 hours daily,,1,ChargePoint Network,http://www.chargepoint.com/,2021/12/04 00:00:00+00,2021/12/04 00:31:15+00,2019/08/15 00:00:00+00,,,31,35.443676,-80.871495,143294
1447330.00011505,520781.999967396,ELEC,NOVEL MONTFORD EV CHARGER 01,4701 Park Rd,888-758-4389,Public,24 hours daily,,2,ChargePoint Network,http://www.chargepoint.com/,2021/12/04 00:00:00+00,2021/12/04 00:31:15+00,2019/08/15 00:00:00+00,,,32,35.1668,-80.849396,143533
1450660.00001672,480070.000026733,ELEC,MetLife - Charlotte,11225 N Community House Rd,,Private,Employee Use Only,,2,Non-Networked,,2021/01/14 00:00:00+00,2021/11/11 23:36:35+00,2019/08/18 00:00:00+00,OFFICE_BLDG,,33,35.055125,-80.835756,143811
1450970.00005288,626244.000000983,ELEC,EUHOME CORNELIUS OFF,18019 Old Statesville Rd,888-758-4389,Public,24 hours daily,,2,ChargePoint Network,http://www.chargepoint.com/,2021/12/04 00:00:00+00,2021/12/04 00:31:15+00,2019/08/20 00:00:00+00,,,34,35.456705,-80.84379,143869
1492650.00002605,497778.00004372,ELEC,SD3#1 LEVINE 1,2820 Campus Ridge Rd,888-758-4389,Public,24 hours daily,,2,ChargePoint Network,http://www.chargepoint.com/,2021/12/04 00:00:00+00,2021/12/04 00:31:15+00,2019/09/05 00:00:00+00,,,35,35.105824,-80.69647,144981
1447330.00011505,541590.000017971,ELEC,720 GARAGE STATION 03,621 S Poplar St,888-758-4389,Public,24 hours daily,,2,ChargePoint Network,http://www.chargepoint.com/,2021/12/04 00:00:00+00,2021/12/04 00:31:15+00,2019/09/14 00:00:00+00,,,36,35.223964,-80.850699,145223
1447330.00011505,541586.000025973,ELEC,720 GARAGE STATION 01,720 S Church St,888-758-4389,Public,24 hours daily,,2,ChargePoint Network,http://www.chargepoint.com/,2021/12/04 00:00:00+00,2021/12/04 00:31:15+00,2019/09/14 00:00:00+00,,,37,35.223952,-80.850715,145224
1421799.99999405,580875.999857888,ELEC,COC CORNING OPT 4,4200 Corning Pl,888-758-4389,Public,24 hours daily,,2,ChargePoint Network,http://www.chargepoint.com/,2021/12/04 00:00:00+00,2021/12/04 00:31:15+00,2019/10/12 00:00:00+00,,,38,35.33055,-80.938725,146881
1417259.99988772,518030.999891981,ELEC,CPI SECURITY STATION 1,4300 Sandy Porter Rd,888-758-4389,Public,24 hours daily,,2,ChargePoint Network,http://www.chargepoint.com/,2021/12/04 00:00:00+00,2021/12/04 00:31:15+00,2019/12/04 00:00:00+00,,,39,35.15766,-80.94982,149713
1448879.9999678,485246.999843314,ELEC,Toringdon Market - Tesla Supercharger,3429 Toringdon Way,877-798-3752,Public,"24 hours daily; for Tesla use only",,,Tesla,http://www.teslamotors.com/supercharger,2021/10/11 00:00:00+00,2021/11/04 18:37:47+00,2019/11/19 00:00:00+00,SHOPPING_CENTER,"$0.28 per kWh; $0.26 per minute above 60 kW and $0.13 per minute at or below 60 kW",40,35.069256,-80.842023,150209
1448190.00003546,541549.000099972,ELEC,"CHARLOTTE, NC DISCOVERY 1",315 N Church St,888-758-4389,Public,24 hours daily,,1,ChargePoint Network,http://www.chargepoint.com/,2021/12/04 00:00:00+00,2021/12/04 00:31:15+00,2019/12/17 00:00:00+00,,,41,35.223895,-80.847825,150271
1479439.9998713,519480.999944732,ELEC,HENDRICK MINI HENDRICK MINI,7036 E Independence Blvd,888-758-4389,Public,24 hours daily,,1,ChargePoint Network,http://www.chargepoint.com/,2021/12/04 00:00:00+00,2021/12/04 00:31:15+00,2020/01/24 00:00:00+00,,,42,35.16482,-80.74191,153007
1392390.00008714,494661.000044137,ELEC,The Newton Apartments,15934 White St,888-998-2546,Private,MON: 24 hours | TUE: 24 hours | WED: 24 hours | THU: 24 hours | FRI: 24 hours | SAT: 24 hours | SUN: 24 hours,,1,Blink Network,http://www.blinkcharging.com/,2021/12/03 00:00:00+00,2021/12/03 22:55:11+00,2020/03/03 00:00:00+00,,Level 2: $0.49 per kWh,43,35.09209,-81.0314,154217
1453689.99986222,538080.000148222,ELEC,SD3#1 PD2 STATION 1,1108 Charlottetowne Avenue,888-758-4389,Public,24 hours daily,,2,ChargePoint Network,http://www.chargepoint.com/,2021/12/04 00:00:00+00,2021/12/04 00:31:15+00,2020/04/24 00:00:00+00,,,44,35.214645,-80.829184,155547
1450320.00004056,542514.000138476,ELEC,Bank of America - Charlotte,150 N College St,,Private,,,6,Non-Networked,,2021/05/06 00:00:00+00,2021/05/06 13:19:19+00,2017/10/05 00:00:00+00,BANK,,45,35.226655,-80.840749,155670
1443959.99996531,535480.000098899,ELEC,ATHERTONGARAGE 2ND LVL STN 1,2100 South Blvd,888-758-4389,Public,24 hours daily,,2,ChargePoint Network,http://www.chargepoint.com/,2021/12/04 00:00:00+00,2021/12/04 00:31:15+00,2020/06/09 00:00:00+00,,,46,35.207005,-80.861607,158573
1475260.00002922,563887.000043318,ELEC,Oxford Gateway Apartments LLC station location,Libby Way,800-663-5633,Public,"MO: Not Specified; TU: Not Specified; WE: Not Specified; TH: Not Specified; FR: Not Specified; SA: Not Specified; SU: Not Specified",,6,SemaCharge Network,https://semaconnect.com/,2021/12/04 00:00:00+00,2021/12/04 00:22:19+00,2020/06/16 00:00:00+00,,FREE,47,35.2866123,-80.7585199,163400
1453489.99993414,593775.999976471,ELEC,Audi Northlake North Side,10831 Northlake Auto Plaza Blvd,888-998-2546,Public,MON: 24 hours | TUE: 24 hours | WED: 24 hours | THU: 24 hours | FRI: 24 hours | SAT: 24 hours | SUN: 24 hours,,2,Blink Network,http://www.blinkcharging.com/,2021/12/03 00:00:00+00,2021/12/03 22:55:11+00,2020/07/24 00:00:00+00,,Free,48,35.36764,-80.833319,164482
1453369.99984606,593898.000060558,ELEC,Audi Northlake South Side,10831 Northlake Auto Plaza Blvd,888-998-2546,Public,MON: 24 hours | TUE: 24 hours | WED: 24 hours | THU: 24 hours | FRI: 24 hours | SAT: 24 hours | SUN: 24 hours,,2,Blink Network,http://www.blinkcharging.com/,2021/12/03 00:00:00+00,2021/12/03 22:55:11+00,2020/07/24 00:00:00+00,,Free,49,35.367969,-80.833713,164484
1442009.99992831,532728.000025481,ELEC,EVERY CHARGING NEW BERN,145 New Bern St,888-758-4389,Public,24 hours daily,,2,ChargePoint Network,http://www.chargepoint.com/,2021/12/04 00:00:00+00,2021/12/04 00:31:15+00,2020/08/12 00:00:00+00,,,50,35.199345,-80.867961,165174
1417899.99992006,545999.000058234,ELEC,Duke Energy,6301 Wilkinson Blvd,,Private,Employee and fleet use only,,2,Non-Networked,,2020/09/03 00:00:00+00,2021/11/11 16:46:47+00,2020/08/31 00:00:00+00,UTILITY,,51,35.234528,-80.949512,165799
1441140.00002788,541570.00005798,ELEC,Mecklenburg County - Land Use & Environmental Services Agency,2145 Suttle Ave,,Private,24 hours daily,A D M V,6,EV Connect,http://evconnect.com/,2020/10/09 00:00:00+00,2021/03/11 23:22:17+00,2019/12/26 00:00:00+00,MUNI_GOV,,52,35.223591,-80.871421,166359
1434429.99999647,548628.000049561,ELEC,Mecklenburg County,3205 Freedom Dr,866-816-7584,Public - Credit card at all times,"24 hours daily; Also accepts Paypal",A D M V,6,EV Connect,http://evconnect.com/,2020/10/09 00:00:00+00,2021/03/11 23:22:17+00,2019/05/02 00:00:00+00,STATE_GOV,,53,35.2426308,-80.8943285,166677
1447530.00004314,609139.000090316,ELEC,HUNTERSVILLE MARK OIL L3,101 Statesville Rd,888-758-4389,Public,24 hours daily,,,ChargePoint Network,http://www.chargepoint.com/,2021/12/04 00:00:00+00,2021/12/04 00:31:15+00,2020/09/15 00:00:00+00,,,54,35.409541,-80.85426,166854
1441140.00002788,562419.000026554,ELEC,"CHARLOTTE, NC 247 EV ARC",4411 Northpointe Industrial Blvd,888-758-4389,Public,24 hours daily,,2,ChargePoint Network,http://www.chargepoint.com/,2021/12/04 00:00:00+00,2021/12/04 00:31:15+00,2020/11/11 00:00:00+00,,,55,35.280866,-80.872726,168263
1475900.00006156,567130.000118971,ELEC,"Walmart 2134 - Charlotte, NC",7735 North Tryon Street,833-632-2778,Public,24 hours daily,,,Electrify America,https://www.electrifyamerica.com/,2021/12/04 00:00:00+00,2021/12/04 01:25:30+00,2020/11/11 00:00:00+00,,,56,35.295553,-80.756552,168271
1477639.99986239,571662.999911234,ELEC,Hilton Charlotte University Place - Tesla Destination,8629 JM Keynes Dr,877-798-3752  877-798-3752,Public,"24 hours daily; for customer use only; see front desk for access",,6,Tesla Destination,https://www.tesla.com/destination-charging,2020/11/03 00:00:00+00,2021/03/11 23:22:17+00,2020/11/03 00:00:00+00,,Free,57,35.30809,-80.75099,168836
1416439.9998873,515849.999988899,ELEC,SpringHill Suites Charlotte Southwest - Tesla Destination,3950 Arco Corporate Dr,877-798-3752  877-798-3752,Public,"24 hours daily; for customer use only; see front desk for access",,2,Tesla Destination,https://www.tesla.com/destination-charging,2020/11/03 00:00:00+00,2021/03/11 23:22:17+00,2020/11/03 00:00:00+00,,Free,58,35.151626,-80.952406,169124
1446690.00008272,610644.000033066,ELEC,"CHARLOTTE, NC HUNTERSVILLE 02",10300 Compass St,888-758-4389,Public,24 hours daily,,2,ChargePoint Network,http://www.chargepoint.com/,2021/12/04 00:00:00+00,2021/12/04 00:31:15+00,2021/01/27 00:00:00+00,,,59,35.413632,-80.857176,171833
1419009.99999663,541286.999967813,ELEC,CLT AIRPORT LEVEL6_ST1,5501 R C Josh Birmingham Pkwy,888-758-4389,Public,24 hours daily,,2,ChargePoint Network,http://www.chargepoint.com/,2021/12/04 00:00:00+00,2021/12/04 00:31:15+00,2021/01/27 00:00:00+00,,,60,35.221642,-80.945506,171915
1419039.99993664,541288.999963805,ELEC,CLT AIRPORT LEVEL6_ST3,5501 R C Josh Birmingham Pkwy,888-758-4389,Public,24 hours daily,,2,ChargePoint Network,http://www.chargepoint.com/,2021/12/04 00:00:00+00,2021/12/04 00:31:15+00,2021/01/27 00:00:00+00,,,61,35.22165,-80.945388,171916
1419059.99989663,541348.999843806,ELEC,CLT AIRPORT LEVEL5_ST3,5501 R C Josh Birmingham Pkwy,888-758-4389,Public,24 hours daily,,2,ChargePoint Network,http://www.chargepoint.com/,2021/12/04 00:00:00+00,2021/12/04 00:31:15+00,2021/01/27 00:00:00+00,,,62,35.221817,-80.945334,171917
1419019.99997663,541279.999981806,ELEC,CLT AIRPORT LEVEL6_ST2,5501 R C Josh Birmingham Pkwy,888-758-4389,Public,24 hours daily,,2,ChargePoint Network,http://www.chargepoint.com/,2021/12/04 00:00:00+00,2021/12/04 00:31:15+00,2021/01/27 00:00:00+00,,,63,35.221624,-80.945442,171918
1419039.99993664,541336.999867812,ELEC,CLT AIRPORT LEVEL5_ST2,5501 R C Josh Birmingham Pkwy,888-758-4389,Public,24 hours daily,,2,ChargePoint Network,http://www.chargepoint.com/,2021/12/04 00:00:00+00,2021/12/04 00:31:15+00,2021/01/27 00:00:00+00,,,64,35.221782,-80.945409,171919
1419189.99996471,541291.999957815,ELEC,CLT AIRPORT LEVEL4_ST2,5501 R C Josh Birmingham Pkwy,888-758-4389,Public,24 hours daily,,2,ChargePoint Network,http://www.chargepoint.com/,2021/12/04 00:00:00+00,2021/12/04 00:31:15+00,2021/01/27 00:00:00+00,,,65,35.221668,-80.944873,171920
1419219.99990472,541300.999939814,ELEC,CLT AIRPORT LEVEL4_ST3,5501 R C Josh Birmingham Pkwy,888-758-4389,Public,24 hours daily,,2,ChargePoint Network,http://www.chargepoint.com/,2021/12/04 00:00:00+00,2021/12/04 00:31:15+00,2021/01/27 00:00:00+00,,,66,35.221694,-80.944798,171921
1419019.99997663,541340.99985981,ELEC,CLT AIRPORT LEVEL5_ST1,5501 R C Josh Birmingham Pkwy,888-758-4389,Public,24 hours daily,,2,ChargePoint Network,http://www.chargepoint.com/,2021/12/04 00:00:00+00,2021/12/04 00:31:15+00,2021/01/27 00:00:00+00,,,67,35.221791,-80.945474,171922
1471179.99998714,577449.000150234,ELEC,"CHARLOTTE, NC MALLARD CK 01",1712 J N Pease Pl,888-758-4389,Public,24 hours daily,,2,ChargePoint Network,http://www.chargepoint.com/,2021/12/04 00:00:00+00,2021/12/04 00:31:15+00,2021/01/27 00:00:00+00,,,68,35.32367,-80.773012,171959
1436810.00015771,499150.999922395,ELEC,"CHARLOTTE, NC CATS I-485 1",9512 South Blvd,888-758-4389,Public,24 hours daily,,2,ChargePoint Network,http://www.chargepoint.com/,2021/12/04 00:00:00+00,2021/12/04 00:31:15+00,2021/01/27 00:00:00+00,,,69,35.10683,-80.883225,172490
1436749.99994963,499218.000116482,ELEC,"CHARLOTTE, NC CATS I-485 2",9512 South Blvd,888-758-4389,Public,24 hours daily,,2,ChargePoint Network,http://www.chargepoint.com/,2021/12/04 00:00:00+00,2021/12/04 00:31:15+00,2021/01/27 00:00:00+00,,,70,35.107013,-80.883413,172491
1450590.00015672,540878.00012964,ELEC,"CHARLOTTE, NC CMGC PRKG L1-3",232 S Davidson St,888-758-4389,Public,24 hours daily,,1,ChargePoint Network,http://www.chargepoint.com/,2021/12/04 00:00:00+00,2021/12/04 00:31:15+00,2021/01/27 00:00:00+00,,,71,35.222173,-80.839739,172640
1450549.99990864,540841.999873564,ELEC,"CHARLOTTE, NC CMGC PRKG L1-1",232 S Davidson St,888-758-4389,Public,24 hours daily,,2,ChargePoint Network,http://www.chargepoint.com/,2021/12/04 00:00:00+00,2021/12/04 00:31:15+00,2021/01/27 00:00:00+00,,,72,35.222073,-80.839875,172642
1450549.99990864,540850.999855563,ELEC,"CHARLOTTE, NC CMGC STATION 2",232 S Davidson St,888-758-4389,Public,24 hours daily,,2,ChargePoint Network,http://www.chargepoint.com/,2021/12/04 00:00:00+00,2021/12/04 00:31:15+00,2021/01/27 00:00:00+00,,,73,35.222099,-80.83987,172643
1448820.0000878,542188.000134304,ELEC,SPECTRUM BLDG B1,300 S Tryon St,888-758-4389,Public,24 hours daily,,2,ChargePoint Network,http://www.chargepoint.com/,2021/12/04 00:00:00+00,2021/12/04 00:31:15+00,2021/01/27 00:00:00+00,,,74,35.225683,-80.84576,172905
1448810.00010781,542189.000132307,ELEC,SPECTRUM BLDG B2 5,300 S Tryon St,888-758-4389,Public,24 hours daily,,2,ChargePoint Network,http://www.chargepoint.com/,2021/12/04 00:00:00+00,2021/12/04 00:31:15+00,2021/01/27 00:00:00+00,,,75,35.225686,-80.845775,172906
1448810.00010781,542185.000140309,ELEC,SPECTRUM BLDG B2 3,300 S Tryon St,888-758-4389,Public,24 hours daily,,2,ChargePoint Network,http://www.chargepoint.com/,2021/12/04 00:00:00+00,2021/12/04 00:31:15+00,2021/01/27 00:00:00+00,,,76,35.225675,-80.845784,172907
1448810.00010781,542185.000140309,ELEC,SPECTRUM BLDG B2 6,300 S Tryon St,888-758-4389,Public,24 hours daily,,2,ChargePoint Network,http://www.chargepoint.com/,2021/12/04 00:00:00+00,2021/12/04 00:31:15+00,2021/01/27 00:00:00+00,,,77,35.225674,-80.845771,172908
1448820.0000878,542184.000142306,ELEC,SPECTRUM BLDG B2 4,300 S Tryon St,888-758-4389,Public,24 hours daily,,2,ChargePoint Network,http://www.chargepoint.com/,2021/12/04 00:00:00+00,2021/12/04 00:31:15+00,2021/01/27 00:00:00+00,,,78,35.225671,-80.84576,172909
1448810.00010781,542181.000148311,ELEC,SPECTRUM BLDG B2 2,300 S Tryon St,888-758-4389,Public,24 hours daily,,2,ChargePoint Network,http://www.chargepoint.com/,2021/12/04 00:00:00+00,2021/12/04 00:31:15+00,2021/01/27 00:00:00+00,,,79,35.225662,-80.845792,172910
1422349.9998783,545545.999979973,ELEC,CLT AIRPORT BUS VALET 01,5601 Wilkinson Blvd,888-758-4389,Public,24 hours daily,,2,ChargePoint Network,http://www.chargepoint.com/,2021/12/04 00:00:00+00,2021/12/04 00:31:15+00,2021/01/27 00:00:00+00,,,80,35.233524,-80.934585,173008
1422440.00002639,545434.999873891,ELEC,CLT AIRPORT BUS VALET 02,5601 Wilkinson Blvd,888-758-4389,Public,24 hours daily,,2,ChargePoint Network,http://www.chargepoint.com/,2021/12/04 00:00:00+00,2021/12/04 00:31:15+00,2021/01/27 00:00:00+00,,,81,35.233223,-80.934266,173009
1421999.99992214,545371.000001892,ELEC,CLT AIRPORT BUS. VALET 03,5601 Wilkinson Blvd,888-758-4389,Public,24 hours daily,,2,ChargePoint Network,http://www.chargepoint.com/,2021/12/04 00:00:00+00,2021/12/04 00:31:15+00,2021/01/27 00:00:00+00,,,82,35.233024,-80.935744,173010
1422009.99990214,545380.999981895,ELEC,CLT AIRPORT BUS. VALET 04,5601 Wilkinson Blvd,888-758-4389,Public,24 hours daily,,2,ChargePoint Network,http://www.chargepoint.com/,2021/12/04 00:00:00+00,2021/12/04 00:31:15+00,2021/01/27 00:00:00+00,,,83,35.233052,-80.935729,173011
1421989.99994214,545318.000107899,ELEC,CLT AIRPORT BUS. VALET 01,5601 Wilkinson Blvd,888-758-4389,Public,24 hours daily,,1,ChargePoint Network,http://www.chargepoint.com/,2021/12/04 00:00:00+00,2021/12/04 00:31:15+00,2021/01/27 00:00:00+00,,,84,35.232876,-80.935783,173012
1421989.99994214,545327.000089899,ELEC,CLT AIRPORT BUS. VALET 02,5601 Wilkinson Blvd,888-758-4389,Public,24 hours daily,,1,ChargePoint Network,http://www.chargepoint.com/,2021/12/04 00:00:00+00,2021/12/04 00:31:15+00,2021/01/27 00:00:00+00,,,85,35.232903,-80.935783,173013
1453129.99999797,513704.00001581,ELEC,WHOLE FOODS MKT CHARLOTTE 02,6610 Fairview Rd,888-758-4389,Public,24 hours daily,,2,ChargePoint Network,http://www.chargepoint.com/,2021/12/04 00:00:00+00,2021/12/04 00:31:15+00,2021/01/27 00:00:00+00,,,86,35.147649,-80.82956,173716
1437340.00008197,502556.000002146,ELEC,HENDRICK SBLVD SERVICE 1,8901 South Blvd,888-758-4389,Public,24 hours daily,,1,ChargePoint Network,http://www.chargepoint.com/,2021/12/04 00:00:00+00,2021/12/04 00:31:15+00,2021/01/27 00:00:00+00,,,87,35.116214,-80.881659,173741
1442620.00002064,621647.000008643,ELEC,WHOLE FOODS MKT HUNTERSVILLE 1,9129 Sam Furr Rd,888-758-4389,Public,24 hours daily,,1,ChargePoint Network,http://www.chargepoint.com/,2021/12/04 00:00:00+00,2021/12/04 00:31:15+00,2021/01/27 00:00:00+00,,,88,35.443649,-80.871523,174222
1447380.00001505,541579.00003998,ELEC,720 GARAGE STATION 04,621 S Poplar St,888-758-4389,Public,24 hours daily,,1,ChargePoint Network,http://www.chargepoint.com/,2021/12/04 00:00:00+00,2021/12/04 00:31:15+00,2021/01/27 00:00:00+00,,,89,35.223935,-80.850547,174435
1447279.99988697,541536.000125974,ELEC,720 GARAGE STATION 02,720 S Church St,888-758-4389,Public,24 hours daily,,2,ChargePoint Network,http://www.chargepoint.com/,2021/12/04 00:00:00+00,2021/12/04 00:31:15+00,2021/01/27 00:00:00+00,,,90,35.223813,-80.850877,174436
1421809.99997406,580874.999859899,ELEC,COC CORNING OPT 3,4200 Corning Pl,888-758-4389,Public,24 hours daily,,2,ChargePoint Network,http://www.chargepoint.com/,2021/12/04 00:00:00+00,2021/12/04 00:31:15+00,2021/01/27 00:00:00+00,,,91,35.330548,-80.93871,174539
1421819.99995406,580873.999861896,ELEC,COC CORNING OPT 2,4200 Corning Pl,888-758-4389,Public,24 hours daily,,2,ChargePoint Network,http://www.chargepoint.com/,2021/12/04 00:00:00+00,2021/12/04 00:31:15+00,2021/01/27 00:00:00+00,,,92,35.330545,-80.938684,174540
1421829.99993405,580870.999867901,ELEC,COC CORNING OPT 1,4200 Corning Pl,888-758-4389,Public,24 hours daily,,2,ChargePoint Network,http://www.chargepoint.com/,2021/12/04 00:00:00+00,2021/12/04 00:31:15+00,2021/01/27 00:00:00+00,,,93,35.330536,-80.93863,174541
1417170.00006773,518001.999949977,ELEC,CPI SECURITY STATION 2,4300 Sandy Porter Rd,888-758-4389,Public,24 hours daily,,2,ChargePoint Network,http://www.chargepoint.com/,2021/12/04 00:00:00+00,2021/12/04 00:31:15+00,2021/01/27 00:00:00+00,,,94,35.157578,-80.95012,174769
1451849.9999333,547445.000118971,ELEC,"CHARLOTTE, NC 249 EV ARC",500 Dalton Ave,888-758-4389,Public,24 hours daily,,2,ChargePoint Network,http://www.chargepoint.com/,2021/12/04 00:00:00+00,2021/12/04 00:31:15+00,2021/01/27 00:00:00+00,,,95,35.24028,-80.83593,175419
1451849.9999333,547438.000132978,ELEC,"CHARLOTTE, NC 250 EV ARC",500 Dalton Ave,888-758-4389,Public,24 hours daily,,2,ChargePoint Network,http://www.chargepoint.com/,2021/12/04 00:00:00+00,2021/12/04 00:31:15+00,2021/01/27 00:00:00+00,,,96,35.24026,-80.83593,175420
1451849.9999333,547433.000142977,ELEC,"CHARLOTTE, NC 248 EV ARC",500 Dalton Ave,888-758-4389,Public,24 hours daily,,2,ChargePoint Network,http://www.chargepoint.com/,2021/12/04 00:00:00+00,2021/12/04 00:31:15+00,2021/01/27 00:00:00+00,,,97,35.240246,-80.835945,175421
1447569.99996313,609161.000046313,ELEC,HUNTERSVILLE MARK OIL L2,101 Statesville Rd,888-758-4389,Public,24 hours daily,,2,ChargePoint Network,http://www.chargepoint.com/,2021/12/04 00:00:00+00,2021/12/04 00:31:15+00,2021/01/27 00:00:00+00,,,98,35.409603,-80.854126,181247
1438660.00006664,528023.999919057,ELEC,SENTRYONE LAB,4001 Yancey Rd,888-758-4389,Public,"Mon 5:00pm - 12:00am; Tue 5:00pm - 12:00am; Wed 5:00pm - 12:00am; Thu 5:00pm - 12:00am; Fri 5:00pm - 12:00am; Sat 7:00am - 12:00am; Sun 7:00am - 12:00am",,2,ChargePoint Network,http://www.chargepoint.com/,2021/12/04 00:00:00+00,2021/12/04 00:31:15+00,2021/01/27 00:00:00+00,,,99,35.186248,-80.878874,182989
1451770.00009331,547522.999962971,ELEC,"CHARLOTTE, NC FIRE HQ 4",500 Dalton Ave,888-758-4389,Public,24 hours daily,,2,ChargePoint Network,http://www.chargepoint.com/,2021/12/04 00:00:00+00,2021/12/04 00:31:15+00,2021/01/27 00:00:00+00,,,100,35.240489,-80.836201,183464
1451750.00013331,547523.999960974,ELEC,"CHARLOTTE, NC FIRE HQ 3",500 Dalton Ave,888-758-4389,Public,24 hours daily,,2,ChargePoint Network,http://www.chargepoint.com/,2021/12/04 00:00:00+00,2021/12/04 00:31:15+00,2021/01/27 00:00:00+00,,,101,35.240491,-80.836265,183465
1451839.9999533,547471.000066981,ELEC,"CHARLOTTE, NC FIRE HQ 1",500 Dalton Ave,888-758-4389,Public,24 hours daily,,2,ChargePoint Network,http://www.chargepoint.com/,2021/12/04 00:00:00+00,2021/12/04 00:31:15+00,2021/01/27 00:00:00+00,,,102,35.240351,-80.835981,183466
1451729.99984522,547524.999958977,ELEC,"CHARLOTTE, NC FIRE HQ 2",1210 Statesville Ave,888-758-4389,Public,24 hours daily,,2,ChargePoint Network,http://www.chargepoint.com/,2021/12/04 00:00:00+00,2021/12/04 00:31:15+00,2021/01/27 00:00:00+00,,,103,35.240493,-80.836324,183467
1451489.99999714,547240.999870807,ELEC,"CHARLOTTE, NC SPRATT 5",534 Spratt St,888-758-4389,Public,24 hours daily,,2,ChargePoint Network,http://www.chargepoint.com/,2021/12/04 00:00:00+00,2021/12/04 00:31:15+00,2021/02/25 00:00:00+00,,,104,35.2397,-80.83713,185364
1451349.99994905,547194.999962807,ELEC,"CHARLOTTE, NC SPRATT 1",534 Spratt St,888-758-4389,Public,24 hours daily,,2,ChargePoint Network,http://www.chargepoint.com/,2021/12/04 00:00:00+00,2021/12/04 00:31:15+00,2021/02/25 00:00:00+00,,,105,35.239567,-80.837585,185365
1451229.99986097,547293.000094891,ELEC,"CHARLOTTE, NC SPRATT 2",537 Spratt St,888-758-4389,Public,24 hours daily,,2,ChargePoint Network,http://www.chargepoint.com/,2021/12/04 00:00:00+00,2021/12/04 00:31:15+00,2021/02/25 00:00:00+00,,,106,35.23983,-80.838,185366
1451150.00002097,547291.000098899,ELEC,"CHARLOTTE, NC SPRATT 3",527 Spratt St,888-758-4389,Public,24 hours daily,,2,ChargePoint Network,http://www.chargepoint.com/,2021/12/04 00:00:00+00,2021/12/04 00:31:15+00,2021/02/25 00:00:00+00,,,107,35.23982,-80.83828,185367
1473590.00008839,566180.00005047,ELEC,IKEA USA CHARLOTTE 1,8300 Ikea Blvd,888-758-4389,Public,24 hours daily,,2,ChargePoint Network,http://www.chargepoint.com/,2021/12/04 00:00:00+00,2021/12/04 00:31:15+00,2021/03/25 00:00:00+00,,,108,35.292832,-80.764239,186569
1475169.99988113,575452.99987714,ELEC,Verizon - Charlotte,8921 Research Dr,,Private,For employee use only,,5,Non-Networked,,2021/04/08 00:00:00+00,2021/08/04 00:01:52+00,2021/01/05 00:00:00+00,OFFICE_BLDG,,109,35.318383,-80.759513,187080
1447289.99986698,545494.000083983,ELEC,Bank of America - Private Bank,900 W Trade St,,Private,,,4,Non-Networked,,2021/05/06 00:00:00+00,2021/05/06 13:19:19+00,2019/07/01 00:00:00+00,BANK,,110,35.234688,-80.851067,188029
1446599.99993464,482652.000112057,ELEC,Bank of America - Private Bank,13510 Ballantyne Corp Pl,,Private,,,6,ChargePoint Network,http://www.chargepoint.com/,2021/05/06 00:00:00+00,2021/05/06 13:19:19+00,2019/07/01 00:00:00+00,BANK,,111,35.062011,-80.849483,188030
1447629.99984314,521326.999861643,ELEC,Link Apartments Montford I,1606 Abby Pl,855-900-7584,Public,24 hours daily,,2,Greenlots,http://greenlots.com/,2021/12/04 00:00:00+00,2021/12/04 01:22:54+00,2021/04/29 00:00:00+00,,,112,35.168312,-80.848427,188122
1447879.9999993,541158.999895722,ELEC,ALLY FINANCIAL STATION 02,601 S Tryon St,888-758-4389,Public,24 hours daily,,2,ChargePoint Network,http://www.chargepoint.com/,2021/12/04 00:00:00+00,2021/12/04 00:31:15+00,2021/05/15 00:00:00+00,,,113,35.222807,-80.848816,189735
1447909.99993931,541181.999849722,ELEC,ALLY FINANCIAL STATION 03,601 S Tryon St,888-758-4389,Public,24 hours daily,,2,ChargePoint Network,http://www.chargepoint.com/,2021/12/04 00:00:00+00,2021/12/04 00:31:15+00,2021/05/15 00:00:00+00,,,114,35.222871,-80.848747,189736
1447860.00003931,541133.99994573,ELEC,ALLY FINANCIAL STATION 01,601 S Tryon St,888-758-4389,Public,24 hours daily,,2,ChargePoint Network,http://www.chargepoint.com/,2021/12/04 00:00:00+00,2021/12/04 00:31:15+00,2021/05/15 00:00:00+00,,,115,35.222739,-80.848889,189737
1445639.99988614,586504.000084817,ELEC,Northcrest Shopping Center - Tesla Supercharger,9841 Northlake Centre Parkway,877-798-3752,Public,"24 hours daily; for Tesla use only",A D Debit M V,,Tesla,http://www.teslamotors.com/supercharger,2021/10/11 00:00:00+00,2021/11/04 18:37:47+00,2021/06/25 00:00:00+00,SHOPPING_CENTER,"$0.28 per kWh; $0.26 per minute above 60 kW and $0.13 per minute at or below 60 kW",116,35.347264,-80.859183,191693
1446370.00006655,539831.999925062,ELEC,SPECTRUM BLDG VANTAGE SOUTH 1,1220 S Tryon St,888-758-4389,Public,24 hours daily,,2,ChargePoint Network,http://www.chargepoint.com/,2021/12/04 00:00:00+00,2021/12/04 00:31:15+00,2021/07/07 00:00:00+00,,,117,35.219085,-80.853804,192588
1446259.99995847,539356.999890804,ELEC,SPECTRUM BLDG VANTAGE 3,1220 S Tryon St,888-758-4389,Public,24 hours daily,,2,ChargePoint Network,http://www.chargepoint.com/,2021/12/04 00:00:00+00,2021/12/04 00:31:15+00,2021/07/07 00:00:00+00,,,118,35.217775,-80.854145,192599
1446409.99998656,539669.999920979,ELEC,SPECTRUM BLDG VANTAGE 2,1220 S Tryon St,888-758-4389,Public,24 hours daily,,2,ChargePoint Network,http://www.chargepoint.com/,2021/12/04 00:00:00+00,2021/12/04 00:31:15+00,2021/07/07 00:00:00+00,,,119,35.218643,-80.853666,192603
1450909.9998448,536424.999849305,ELEC,MIDTOWN DECK STN 3 P2 RIGHT,830 Kenilworth Ave,888-758-4389,Public,24 hours daily,,2,ChargePoint Network,http://www.chargepoint.com/,2021/12/04 00:00:00+00,2021/12/04 00:31:15+00,2021/07/09 00:00:00+00,,,120,35.209957,-80.8384,192670
1450899.9998648,536387.999923304,ELEC,MIDTOWN DECK STN 5 P4 RIGHT,830 Kenilworth Ave,888-758-4389,Public,24 hours daily,,2,ChargePoint Network,http://www.chargepoint.com/,2021/12/04 00:00:00+00,2021/12/04 00:31:15+00,2021/07/09 00:00:00+00,,,121,35.209854,-80.83841,192671
1450940.00011289,536403.999891311,ELEC,MIDTOWN DECK STN 7 P5 RIGHT,830 Kenilworth Ave,888-758-4389,Public,24 hours daily,,2,ChargePoint Network,http://www.chargepoint.com/,2021/12/04 00:00:00+00,2021/12/04 00:31:15+00,2021/07/09 00:00:00+00,,,122,35.2099,-80.8383,192672
1450899.9998648,536449.000129387,ELEC,MIDTOWN DECK STN 4 P2 LEFT,830 Kenilworth Ave,888-758-4389,Public,24 hours daily,,2,ChargePoint Network,http://www.chargepoint.com/,2021/12/04 00:00:00+00,2021/12/04 00:31:15+00,2021/07/09 00:00:00+00,,,123,35.210022,-80.838425,192673
1450889.9998848,536432.000163391,ELEC,MIDTOWN DECK P1 RIGHT,830 Kenilworth Ave,888-758-4389,Public,24 hours daily,,2,ChargePoint Network,http://www.chargepoint.com/,2021/12/04 00:00:00+00,2021/12/04 00:31:15+00,2021/07/09 00:00:00+00,,,124,35.209976,-80.83847,192674
1450920.00015289,536407.999883309,ELEC,MIDTOWN DECK STN 2 P1 LEFT,830 Kenilworth Ave,888-758-4389,Public,24 hours daily,,2,ChargePoint Network,http://www.chargepoint.com/,2021/12/04 00:00:00+00,2021/12/04 00:31:15+00,2021/07/09 00:00:00+00,,,125,35.20991,-80.838356,192675
1450930.00013289,536417.999863312,ELEC,MIDTOWN DECK STN 6 P4 LEFT,830 Kenilworth Ave,888-758-4389,Public,24 hours daily,,2,ChargePoint Network,http://www.chargepoint.com/,2021/12/04 00:00:00+00,2021/12/04 00:31:15+00,2021/07/14 00:00:00+00,,,126,35.209938,-80.83832,192805
1450940.00011289,536408.999881312,ELEC,MIDTOWN DECK STN 8 P5 LEFT,830 Kenilworth Ave,888-758-4389,Public,24 hours daily,,2,ChargePoint Network,http://www.chargepoint.com/,2021/12/04 00:00:00+00,2021/12/04 00:31:15+00,2021/07/14 00:00:00+00,,,127,35.209915,-80.83828,192806
1438840.00003472,531565.000054896,ELEC,"CHARLOTTE, NC FS 43-EV 1",421 Clanton Rd,888-758-4389,Public,24 hours daily,,2,ChargePoint Network,http://www.chargepoint.com/,2021/12/04 00:00:00+00,2021/12/04 00:31:15+00,2021/07/22 00:00:00+00,,,128,35.195985,-80.878473,193055
1446599.99993464,475188.999946222,ELEC,"CHARLOTTE, NC CMPD SOUTH EV-1",11217 Providence Rd W,888-758-4389,Public,24 hours daily,,2,ChargePoint Network,http://www.chargepoint.com/,2021/12/04 00:00:00+00,2021/12/04 00:31:15+00,2021/07/23 00:00:00+00,,,129,35.041507,-80.849002,193103
1446449.99990655,475179.999964222,ELEC,"CHARLOTTE, NC CMPD SOUTH EV-2",11217 Providence Rd W,888-758-4389,Public,24 hours daily,,2,ChargePoint Network,http://www.chargepoint.com/,2021/12/04 00:00:00+00,2021/12/04 00:31:15+00,2021/07/23 00:00:00+00,,,130,35.041474,-80.849493,193104
1449589.99986014,542530.000106484,ELEC,BoA Plaza,101 South Tryon Street,800-663-5633,Public,"MO: Not Specified; TU: Not Specified; WE: Not Specified; TH: Not Specified; FR: Not Specified; SA: Not Specified; SU: Not Specified",,2,SemaCharge Network,https://semaconnect.com/,2021/12/04 00:00:00+00,2021/12/04 00:22:19+00,2021/09/05 00:00:00+00,,$0.10/kWh Energy Fee,131,35.2266604,-80.8431913,195220
1453839.9998903,515235.999904558,ELEC,ESP STATION RESIDENT #3,4425 Sharon Rd,888-758-4389,Public,24 hours daily,,2,ChargePoint Network,http://www.chargepoint.com/,2021/12/04 00:00:00+00,2021/12/04 00:31:15+00,2021/09/18 00:00:00+00,,,132,35.151894,-80.82728,196051
1479069.99995513,519880.000130981,ELEC,Hendrick BMW,6950 E Independence Blvd,888-998-2546,Private,MON: 24 hours | TUE: 24 hours | WED: 24 hours | THU: 24 hours | FRI: 24 hours | SAT: 24 hours | SUN: 24 hours,,2,Blink Network,http://www.blinkcharging.com/,2021/12/03 00:00:00+00,2021/12/03 22:55:11+00,2021/10/11 00:00:00+00,,Level 2: $0.49 per kWh,133,35.1659,-80.7431461,197592
1444669.99985763,475281.000090316,ELEC,LANTOWER WAVERL SW EV1,11809 Providence Rd,888-758-4389,Public,24 hours daily,,2,ChargePoint Network,http://www.chargepoint.com/,2021/12/04 00:00:00+00,2021/12/04 00:31:15+00,2021/10/19 00:00:00+00,,,134,35.041662,-80.855467,197885
1436609.99990155,494402.999903977,ELEC,MB S. CHARLOTTE CUSTOMER PARK,10829 Pineville Rd,888-758-4389,Public,24 hours daily,,2,ChargePoint Network,http://www.chargepoint.com/,2021/12/04 00:00:00+00,2021/12/04 00:31:15+00,2021/10/22 00:00:00+00,,,135,35.093776,-80.883582,198076
1452120.00004947,516040.999934971,ELEC,SouthPark Mall,4400 Sharon Rd,877-455-3833,Public,24 hours daily,,2,eVgo Network,https://www.evgo.com/,2021/12/04 00:00:00+00,2021/12/04 01:20:54+00,2021/10/25 00:00:00+00,,,136,35.15402,-80.83309,198347
1411699.99985288,519888.000114977,ELEC,BP,9311 Steele Creek Rd,877-455-3833,Public,24 hours daily,,,eVgo Network,https://www.evgo.com/,2021/12/04 00:00:00+00,2021/12/04 01:20:54+00,2021/10/25 00:00:00+00,,,137,35.16246,-80.96855,198869
1447569.99996313,479907.000024647,ELEC,BP,9935 Ballantyne Commons Pkwy,877-455-3833,Public,24 hours daily,,,eVgo Network,https://www.evgo.com/,2021/12/04 00:00:00+00,2021/12/04 01:20:54+00,2021/10/25 00:00:00+00,,,138,35.05452,-80.84605,198870
1407229.99993464,570650.999966726,ELEC,BP,221 Mt Holly Huntersville Rd,877-455-3833,Public,24 hours daily,,,eVgo Network,https://www.evgo.com/,2021/12/04 00:00:00+00,2021/12/04 01:20:54+00,2021/10/25 00:00:00+00,,,139,35.301669,-80.986902,198871
1505539.99983655,550328.9999284,ELEC,BP,7910 Cambridge Commons Dr,877-455-3833,Public,24 hours daily,,,eVgo Network,https://www.evgo.com/,2021/12/04 00:00:00+00,2021/12/04 01:20:54+00,2021/10/25 00:00:00+00,,,140,35.250797,-80.656302,198872
1503580.00014764,521356.000131726,ELEC,Earp's Express,7020 Brighton Park Dr,877-455-3833,Public,24 hours daily,,,eVgo Network,https://www.evgo.com/,2021/12/04 00:00:00+00,2021/12/04 01:20:54+00,2021/10/25 00:00:00+00,,,141,35.171108,-80.661253,198873
1405449.99988572,497047.999863312,ELEC,BP,12922 Walker Branch Rd,877-455-3833,Public,24 hours daily,,,eVgo Network,https://www.evgo.com/,2021/12/04 00:00:00+00,2021/12/04 01:20:54+00,2021/10/25 00:00:00+00,,,142,35.099375,-80.987905,198874
1468119.99987355,595314.999851227,ELEC,BP Highland Creek,5045 Ridge Rd,877-455-3833,Public,24 hours daily,,,eVgo Network,https://www.evgo.com/,2021/12/04 00:00:00+00,2021/12/04 01:20:54+00,2021/10/25 00:00:00+00,,,143,35.3726,-80.78433,198876
1481970.00006063,490030.000119805,ELEC,BP,3040 Weddington Rd,877-455-3833,Public,24 hours daily,,,eVgo Network,https://www.evgo.com/,2021/12/04 00:00:00+00,2021/12/04 01:20:54+00,2021/10/25 00:00:00+00,,,144,35.084032,-80.731712,198877
1414769.99994648,583288.999953151,ELEC,BP,2211 Vinnies Way,877-455-3833,Public,24 hours daily,,,eVgo Network,https://www.evgo.com/,2021/12/04 00:00:00+00,2021/12/04 01:20:54+00,2021/10/25 00:00:00+00,,,145,35.336799,-80.962461,198878
1458680.00005281,539883.000151142,ELEC,Thomas Ave Public Lot,1225 Thomas Ave,877-455-3833,Public,24 hours daily,,,eVgo Network,https://www.evgo.com/,2021/12/04 00:00:00+00,2021/12/04 01:20:54+00,2021/10/25 00:00:00+00,,,146,35.21985,-80.81261,198902
1450539.99992864,540832.999891564,ELEC,"CHARLOTTE, NC CMGC PRKG L1-2",232 S Davidson St,888-758-4389,Public,24 hours daily,,2,ChargePoint Network,http://www.chargepoint.com/,2021/12/04 00:00:00+00,2021/12/04 00:31:15+00,2021/10/30 00:00:00+00,,,147,35.222049,-80.839916,199471
1468949.99985397,478156.999915734,ELEC,Hyatt House Charlotte / Rea Farms,9930 Sandy Rock Pl,,Public - Credit card at all times,24 hours daily,A D Debit M V,3,Non-Networked,,1900/01/01 00:00:00+00,2021/11/05 05:26:30+00,2021/10/29 00:00:00+00,HOTEL,,148,35.050781,-80.774517,200623
1470869.99995098,480191.000112817,ELEC,Courtyard by Marriott,6319 Providence Farm Ln,,Public - Credit card at all times,24 hours daily,A D Debit M V,1,Non-Networked,,1900/01/01 00:00:00+00,2021/11/05 05:26:30+00,2021/10/29 00:00:00+00,HOTEL,,149,35.056463,-80.768243,200624
1454540.00013071,537812.000028059,ELEC,NHPMC Travis Avenue,220 Travis Avenue,800-663-5633,Public,"MO: Not Specified; TU: Not Specified; WE: Not Specified; TH: Not Specified; FR: Not Specified; SA: Not Specified; SU: Not Specified",,2,SemaCharge Network,https://semaconnect.com/,2021/12/04 00:00:00+00,2021/12/04 00:22:19+00,2021/11/10 00:00:00+00,,$0.88/Hr Parking Fee,150,35.2139527,-80.8263168,200875
1421649.99996597,545566.999937981,ELEC,CLT AIRPORT BV2 BASEMENT 1,5601 Wilkinson Blvd,888-758-4389,Public,24 hours daily,,2,ChargePoint Network,http://www.chargepoint.com/,2021/12/04 00:00:00+00,2021/12/04 00:31:15+00,2011/10/15 00:00:00+00,,,151,35.233542,-80.936932,41847
1448650.00009972,541533.00013198,ELEC,The Green Parking Garage,435 S Tryon St,604-338-3232,Public,"Garage business hours; pay lot",Cash M V,6,Non-Networked,,2020/12/03 00:00:00+00,2021/10/27 20:33:10+00,2011/08/08 00:00:00+00,PAY_GARAGE,Free,152,35.223874,-80.846273,42927
1450519.99996863,540808.999939561,ELEC,"CHARLOTTE, NC CMGC STATION 4",232 S Davidson St,888-758-4389,Public,24 hours daily,,2,ChargePoint Network,http://www.chargepoint.com/,2021/12/04 00:00:00+00,2021/12/04 00:31:15+00,2012/05/31 00:00:00+00,,,153,35.221981,-80.839984,45854
1471170.00000714,577514.000020221,ELEC,"CHARLOTTE, NC MALLARD CK 02",1712 J N Pease Pl,888-758-4389,Public,24 hours daily,,2,ChargePoint Network,http://www.chargepoint.com/,2021/12/04 00:00:00+00,2021/12/04 00:31:15+00,2012/04/01 00:00:00+00,,,154,35.323848,-80.773027,45858
1479350.0000513,520557.000089318,ELEC,East Charlotte Nissan,6901 E Independence Blvd,704-535-4012,Public - Call ahead,Dealership business hours,,1,Non-Networked,,2020/06/09 00:00:00+00,2021/03/11 23:22:17+00,2012/01/31 00:00:00+00,CAR_DEALER,Free,155,35.167774,-80.742259,47117
1479350.0000513,520557.000089318,ELEC,East Charlotte Nissan,6901 E Independence Blvd,704-535-4012,Private,,,1,Non-Networked,,2020/06/09 00:00:00+00,2021/03/11 23:22:17+00,2012/01/31 00:00:00+00,CAR_DEALER,,156,35.167774,-80.742259,47118
1437249.99993388,500765.999973223,ELEC,Scott Clark Nissan,9215 S Blvd,704-552-9191,Public - Call ahead,Dealership business hours,,1,Non-Networked,,2020/06/09 00:00:00+00,2021/03/11 23:22:17+00,2012/01/31 00:00:00+00,CAR_DEALER,Free,157,35.111292,-80.881867,47119
1437249.99993388,500765.999973223,ELEC,Scott Clark Nissan,9215 S Blvd,704-552-9191,Private,,,1,Non-Networked,,2020/06/09 00:00:00+00,2021/03/11 23:22:17+00,2012/01/31 00:00:00+00,CAR_DEALER,,158,35.111292,-80.881867,47120
1442580.00010064,630190.999980971,ELEC,Modern Nissan - Lake Norman,18615 Statesville Rd,704-237-5100,Public - Call ahead,Dealership business hours,,1,Non-Networked,,2020/06/09 00:00:00+00,2021/03/11 23:22:17+00,2012/01/31 00:00:00+00,CAR_DEALER,Free,159,35.467117,-80.872205,47123
1442580.00010064,630190.999980971,ELEC,Modern Nissan - Lake Norman,18615 Statesville Rd,704-237-5100,Private,,,1,Non-Networked,,2020/06/09 00:00:00+00,2021/03/11 23:22:17+00,2012/01/31 00:00:00+00,CAR_DEALER,,160,35.467117,-80.872205,47124
1450029.99996439,543345.0001169,ELEC,LAZ - Fifth Third Center,201 N Tryon St,704-358-8076,Public,"Garage business hours; pay lot",,2,Non-Networked,,2020/12/03 00:00:00+00,2021/03/11 23:22:17+00,2011/12/31 00:00:00+00,PAY_GARAGE,Free,161,35.228923,-80.841769,50690
1452199.99988946,543226.000026807,ELEC,Levine Properties,325 E 9th St,704-688-3333,Public,24 hours daily,,2,Non-Networked,,2020/12/03 00:00:00+00,2021/03/11 23:22:17+00,2012/11/30 00:00:00+00,PAY_LOT,Free,162,35.228706,-80.834507,50691
1450320.00004056,542514.000138476,ELEC,Secure Parking - BAC Parking Deck,150 N College St,704-331-0055,Public,"Garage business hours; pay lot",,2,Non-Networked,,2020/12/03 00:00:00+00,2021/11/12 18:47:04+00,2011/12/31 00:00:00+00,PAY_GARAGE,Free,163,35.226655,-80.840749,50692
1450189.99997248,542866.000090644,ELEC,Secure Parking - Hearst Tower Deck,214 N Tryon St,704-333-4011,Public,"Garage business hours; pay lot",,2,Non-Networked,,2020/12/03 00:00:00+00,2021/03/11 23:22:17+00,2011/12/31 00:00:00+00,PAY_GARAGE,Free,164,35.227616,-80.84119,50693
1453910.00007838,594142.999898642,ELEC,HENDRICK BMW NL STATION 01,Hendrick Way,888-758-4389,Public,24 hours daily,,2,ChargePoint Network,http://www.chargepoint.com/,2021/12/04 00:00:00+00,2021/12/04 00:31:15+00,2014/02/20 00:00:00+00,,,165,35.368671,-80.83191,60418
1419179.99998473,541295.999949813,ELEC,CLT AIRPORT LEVEL4_ST1,5501 R C Josh Birmingham Pkwy,888-758-4389,Public,24 hours daily,,2,ChargePoint Network,http://www.chargepoint.com/,2021/12/04 00:00:00+00,2021/12/04 00:31:15+00,2015/02/04 00:00:00+00,,,166,35.221677,-80.944937,65505
1446459.99988656,475917.000130638,ELEC,Publix #1442,11222 Providence Rd W,704-716-2344,Public,"Store business hours; for customer use only",,1,Non-Networked,,2021/02/15 00:00:00+00,2021/03/11 23:22:17+00,2014/02/26 00:00:00+00,GROCERY,Free,167,35.0435,-80.84951,68383
1443689.99984914,535933.999847054,ELEC,Publix #1453,2222 South Blvd,704-373-2122,Public,"Store business hours; for customer use only",,1,Non-Networked,,2021/02/15 00:00:00+00,2021/03/11 23:22:17+00,2015/04/18 00:00:00+00,GROCERY,Free,168,35.208237,-80.86254,68384
1457700.0000443,479282.999960303,ELEC,VRF ROBINSON FARM,8430 Rea Rd,888-758-4389,Public,24 hours daily,,2,ChargePoint Network,http://www.chargepoint.com/,2021/12/04 00:00:00+00,2021/12/04 00:31:15+00,2015/10/21 00:00:00+00,,,169,35.053318,-80.81217,70594
1446680.00010271,610664.999991059,ELEC,"CHARLOTTE, NC HUNTERSVILLE 01",10300 Compass St,888-758-4389,Public,24 hours daily,,1,ChargePoint Network,http://www.chargepoint.com/,2021/12/04 00:00:00+00,2021/12/04 00:31:15+00,2016/02/12 00:00:00+00,,,170,35.41369,-80.857192,73502
1446360.00008656,538485.9999924,ELEC,"CHARLOTTE, NC SOUTHEND 02",1428 South Blvd,888-758-4389,Public,24 hours daily,,1,ChargePoint Network,http://www.chargepoint.com/,2021/12/04 00:00:00+00,2021/12/04 00:31:15+00,2016/02/13 00:00:00+00,,,171,35.215386,-80.853754,73525
1446309.99985847,538469.00002639,ELEC,"CHARLOTTE, NC SOUTHEND 01",1424-1436 South Blvd,888-758-4389,Public,24 hours daily,,1,ChargePoint Network,http://www.chargepoint.com/,2021/12/04 00:00:00+00,2021/12/04 00:31:15+00,2016/02/13 00:00:00+00,,,172,35.215337,-80.853918,73527
1450379.99992055,535889.999935061,ELEC,SOLIS DILWORTH EV 1,1010 Kenilworth Ave,888-758-4389,Public,24 hours daily,,2,ChargePoint Network,http://www.chargepoint.com/,2021/12/04 00:00:00+00,2021/12/04 00:31:15+00,2016/06/24 00:00:00+00,,,173,35.208459,-80.840133,76525
1448239.99993546,541590.000017971,ELEC,"CHARLOTTE, NC S TRYON ST 1",501 S Tryon St,888-758-4389,Public,24 hours daily,,1,ChargePoint Network,http://www.chargepoint.com/,2021/12/04 00:00:00+00,2021/12/04 00:31:15+00,2016/09/07 00:00:00+00,,,174,35.224011,-80.847647,78303
1436789.99986963,499211.000130475,ELEC,"CHARLOTTE, NC CATS I-485 4",9512 South Blvd,888-758-4389,Public,24 hours daily,,1,ChargePoint Network,http://www.chargepoint.com/,2021/12/04 00:00:00+00,2021/12/04 00:31:15+00,2016/09/07 00:00:00+00,,,175,35.106994,-80.883287,78305
1451470.00003713,541220.000101805,ELEC,"CHARLOTTE, NC CMPD LEC 1",601 E. Trade St.,888-758-4389,Public,24 hours daily,,2,ChargePoint Network,http://www.chargepoint.com/,2021/12/04 00:00:00+00,2021/12/04 00:31:15+00,2016/09/08 00:00:00+00,,,176,35.223157,-80.836819,78355
1410209.99988014,519369.99983865,ELEC,HARRIS TEETER HT 003,4821 Berwick Town Center Dr,888-758-4389,Public,24 hours daily,,2,ChargePoint Network,http://www.chargepoint.com/,2021/12/04 00:00:00+00,2021/12/04 00:31:15+00,2016/12/08 00:00:00+00,,,177,35.160957,-80.973479,80109
1471480.0000433,478061.00010772,ELEC,LANTOWER WAVERL SW EV2,11809 Providence Rd,888-758-4389,Public,24 hours daily,,2,ChargePoint Network,http://www.chargepoint.com/,2021/12/04 00:00:00+00,2021/12/04 00:31:15+00,2016/12/21 00:00:00+00,,,178,35.050642,-80.766069,80325
1446700.00006272,635687.000143811,ELEC,TOWN HALL TOWN HALL 1,21445 Catawba Ave,888-758-4389,Public,24 hours daily,,2,ChargePoint Network,http://www.chargepoint.com/,2021/12/04 00:00:00+00,2021/12/04 00:31:15+00,2017/06/23 00:00:00+00,,,179,35.482427,-80.858705,85648
1448810.00010781,542181.000148311,ELEC,SPECTRUM BLDG B2 1,300 S Tryon St,888-758-4389,Public,24 hours daily,,2,ChargePoint Network,http://www.chargepoint.com/,2021/12/04 00:00:00+00,2021/12/04 00:31:15+00,2017/07/20 00:00:00+00,,,180,35.225662,-80.845776,85987
1450800.00006481,516143.000059053,ELEC,Albemarle Corp,4350 Congress St,,Public,24 hours daily,,10,Non-Networked,,2021/01/14 00:00:00+00,2021/03/11 23:22:17+00,2016/07/01 00:00:00+00,OFFICE_BLDG,,181,35.154231,-80.837508,86027
1447739.99995121,541981.999890149,ELEC,Duke Energy,526 S Church St,,Private,Employee and fleet use only,,4,Non-Networked,,2020/09/03 00:00:00+00,2021/12/02 16:20:32+00,2020/01/06 00:00:00+00,UTILITY,,182,35.225061,-80.849351,86063
1447470.00016314,542758.99997656,ELEC,Duke Energy,410 S Mint St,,Private,Employee and fleet vehicle use only,,21,Non-Networked,,2020/09/03 00:00:00+00,2021/10/19 20:40:34+00,2019/01/02 00:00:00+00,UTILITY,,183,35.227182,-80.850301,86068
1428269.9998493,560907.000097811,ELEC,Duke Energy,610 Toddville Rd,,Private,Employee and fleet vehicle use only,,10,Non-Networked,,2020/09/03 00:00:00+00,2021/11/11 16:46:47+00,2020/08/31 00:00:00+00,UTILITY,,184,35.276037,-80.915771,86079
1454390.00010264,515727.999904811,ELEC,HARRIS TEETER MORCROFT,3908 Colony Rd,888-758-4389,Public,24 hours daily,,2,ChargePoint Network,http://www.chargepoint.com/,2021/12/04 00:00:00+00,2021/12/04 00:31:15+00,2017/10/20 00:00:00+00,,,185,35.153275,-80.825473,88081
1453440.00003414,515587.999856725,ELEC,RSP GARAGE RSP EV1,6621-6665 S Park Dr,888-758-4389,Public,24 hours daily,,2,ChargePoint Network,http://www.chargepoint.com/,2021/12/04 00:00:00+00,2021/12/04 00:31:15+00,2017/11/03 00:00:00+00,,,186,35.152842,-80.828638,88291
1460679.99998981,550297.999990389,ELEC,NOVEL NODA EV CHARGER 01,424 E 36th St,888-758-4389,Public,24 hours daily,,2,ChargePoint Network,http://www.chargepoint.com/,2021/12/04 00:00:00+00,2021/12/04 00:31:15+00,2018/03/07 00:00:00+00,,,187,35.248562,-80.806547,92421
1423289.9999668,510526.000138223,ELEC,EPROPERTY FIRST FLOOR GW,9101-9199 Sessions St,888-758-4389,Public,24 hours daily,,2,ChargePoint Network,http://www.chargepoint.com/,2021/12/04 00:00:00+00,2021/12/04 00:31:15+00,2018/04/17 00:00:00+00,,,188,35.137368,-80.929169,95012
1423299.9999468,510465.999930143,ELEC,EPROPERTY FIRST FLOOR GW2,2401-2621 Silver Cres Dr,888-758-4389,Public,24 hours daily,,2,ChargePoint Network,http://www.chargepoint.com/,2021/12/04 00:00:00+00,2021/12/04 00:31:15+00,2018/04/17 00:00:00+00,,,189,35.137204,-80.929129,95013
1451009.99997288,544155.000137314,ELEC,525 N Tryon Street Garage,525 N. Tryon Street,888-998-2546,Public,MON: 24 hours | TUE: 24 hours | WED: 24 hours | THU: 24 hours | FRI: 24 hours | SAT: 24 hours | SUN: 24 hours,,2,Blink Network,http://www.blinkcharging.com/,2021/12/03 00:00:00+00,2021/12/03 22:55:11+00,2017/02/07 00:00:00+00,,Level 2: $0.49 per kWh,190,35.231197,-80.838546,95586
1448569.99993163,540510.99987939,ELEC,WHOLE FOODS MKT CHARLOTTE STA 1,400 E Stonewall St,888-758-4389,Public,24 hours daily,,2,ChargePoint Network,http://www.chargepoint.com/,2021/12/04 00:00:00+00,2021/12/04 00:31:15+00,2018/05/26 00:00:00+00,,,191,35.221064,-80.84649,98566
1443969.9999453,537222.999893725,ELEC,DCC DECK PREFERRED PKNG,1916 Doggett St,888-758-4389,Public,24 hours daily,,2,ChargePoint Network,http://www.chargepoint.com/,2021/12/04 00:00:00+00,2021/12/04 00:31:15+00,2018/07/11 00:00:00+00,,,192,35.211793,-80.861685,99678
